timestamp,policy,migrations,utilization,p95_latency
1765471993.2231731,least_loaded,0,33.3,2.687
1765471993.3789117,least_loaded,0,33.3,2.687
1765471993.5321157,least_loaded,0,33.3,2.687
1765471993.6883821,least_loaded,0,33.3,2.687
1765471993.8431237,least_loaded,0,33.3,2.687
1765471993.9975429,least_loaded,0,33.3,2.687
1765471994.1529157,least_loaded,0,66.7,2.687
1765471994.3088064,least_loaded,0,50.0,2.687
1765471994.4632628,least_loaded,0,25.0,2.687
1765471994.6190698,least_loaded,0,25.0,2.687
1765471994.7745826,least_loaded,0,25.0,2.687
1765471994.9296393,least_loaded,0,25.0,2.687
1765471995.0848324,least_loaded,0,25.0,2.687
1765471995.2373788,least_loaded,0,25.0,2.687
1765471995.3905797,least_loaded,0,25.0,2.687
1765471995.5615828,least_loaded,0,25.0,2.687
1765471995.7165642,least_loaded,0,25.0,2.687
1765471995.871285,least_loaded,0,25.0,2.687
1765471996.0282393,least_loaded,0,25.0,2.687
1765471996.182776,least_loaded,0,25.0,2.687
1765471996.3396797,least_loaded,0,25.0,2.687
1765471996.4961843,least_loaded,0,25.0,2.687
1765471996.650875,least_loaded,0,25.0,2.687
1765471996.8063593,least_loaded,0,25.0,2.687
1765471996.9615827,least_loaded,0,25.0,2.687
1765471997.1171575,least_loaded,0,25.0,2.687
1765471997.2736099,least_loaded,0,25.0,2.687
1765471997.4298875,least_loaded,0,25.0,2.687
1765471997.5851166,least_loaded,0,0.0,2.687
1765471997.7412453,least_loaded,0,25.0,2.687
1765471997.8949802,least_loaded,0,25.0,2.687
1765471998.0503898,least_loaded,0,25.0,2.687
1765471998.2053478,least_loaded,0,25.0,2.687
1765471998.3609462,work_stealing,0,25.0,2.687
1765471998.5161242,work_stealing,0,25.0,2.687
1765471998.6723611,work_stealing,0,25.0,2.687
1765471998.8276415,work_stealing,0,25.0,2.687
1765471998.9818063,work_stealing,0,25.0,2.687
1765471999.1359158,work_stealing,0,25.0,2.687
1765471999.288791,work_stealing,0,25.0,2.687
1765471999.4444242,work_stealing,0,25.0,2.687
1765471999.5990279,work_stealing,0,25.0,2.687
1765471999.7555149,work_stealing,0,25.0,2.687
1765471999.9112039,work_stealing,0,25.0,2.687
1765472000.0676813,work_stealing,0,25.0,2.687
1765472000.2220428,work_stealing,0,25.0,2.687
1765472000.37675,work_stealing,0,25.0,2.687
1765472000.5306966,round_robin,0,25.0,2.687
1765472000.6868172,round_robin,0,25.0,2.687
1765472000.8414626,round_robin,0,25.0,2.687
1765472000.994495,round_robin,0,25.0,2.687
1765472001.1486685,round_robin,0,25.0,2.687
1765472001.3029528,round_robin,0,25.0,2.687
1765472001.4599931,round_robin,0,25.0,2.687
1765472001.614043,round_robin,0,0.0,2.687
1765472001.769543,round_robin,0,25.0,2.687
1765472001.9261398,round_robin,0,25.0,2.687
1765472002.0799859,round_robin,0,25.0,2.687
1765472002.2358768,round_robin,0,25.0,2.687
1765472002.3907545,round_robin,0,50.0,2.687
1765472002.543178,round_robin,0,50.0,2.687
1765472002.6976323,round_robin,0,25.0,2.658
1765472002.8544216,round_robin,0,50.0,2.658
1765472003.0094633,round_robin,0,50.0,2.658
1765472003.1660004,work_stealing,0,0.0,2.658
1765472003.3214629,work_stealing,0,0.0,2.658
1765472003.475726,work_stealing,0,25.0,2.658
1765472003.6305826,work_stealing,0,25.0,2.658
1765472003.785974,work_stealing,0,25.0,2.658
1765472003.9418018,work_stealing,0,25.0,2.658
1765472004.0949287,round_robin,0,25.0,2.658
1765472004.2481608,round_robin,0,25.0,2.658
1765472004.4019206,round_robin,0,25.0,2.658
1765472004.556847,round_robin,0,25.0,2.658
1765472004.715166,round_robin,0,25.0,2.658
1765472004.8703244,round_robin,0,50.0,2.658
1765472005.027049,round_robin,0,50.0,2.658
1765472005.1929295,round_robin,0,50.0,2.658
1765472005.3477263,round_robin,0,25.0,2.658
1765472005.5025787,round_robin,0,25.0,2.658
1765472005.6586645,round_robin,0,25.0,2.658
1765472005.8120492,round_robin,0,50.0,2.658
1765472005.9644325,round_robin,0,100.0,2.658
1765472006.1190073,round_robin,0,100.0,2.658
1765472006.271658,round_robin,0,100.0,2.658
1765472006.4270732,round_robin,0,100.0,2.658
1765472006.5818698,round_robin,0,100.0,2.658
1765472006.736563,round_robin,0,100.0,2.658
1765472006.8900425,round_robin,0,100.0,2.658
1765472007.0440514,round_robin,0,100.0,2.658
1765472007.1987095,round_robin,0,100.0,2.658
1765472007.3519382,round_robin,0,100.0,2.658
1765472007.5063517,round_robin,0,100.0,2.658
1765472007.6601484,round_robin,0,100.0,2.658
1765472007.8148408,round_robin,0,100.0,2.658
1765472007.9687428,round_robin,0,100.0,2.658
1765472008.1202478,round_robin,0,100.0,2.658
1765472008.274202,round_robin,0,100.0,2.658
1765472008.427257,round_robin,0,100.0,2.658
1765472008.5823457,round_robin,0,100.0,2.661
1765472008.7384095,round_robin,0,100.0,2.661
1765472008.89316,round_robin,0,100.0,2.661
1765472009.047056,round_robin,0,100.0,2.661
1765472009.199965,round_robin,0,100.0,2.661
1765472009.3557167,round_robin,0,100.0,2.477
1765472009.5082135,round_robin,0,100.0,2.477
1765472009.6626182,round_robin,0,100.0,2.477
1765472009.8180053,round_robin,0,100.0,2.588
1765472009.9725862,round_robin,0,100.0,2.604
1765472010.1262262,round_robin,0,100.0,2.661
1765472010.2807496,round_robin,0,100.0,2.661
1765472010.4362905,round_robin,0,100.0,2.661
1765472010.5909352,round_robin,0,100.0,2.804
1765472010.7454865,round_robin,0,100.0,3.314
1765472010.8999393,round_robin,0,100.0,3.314
1765472011.055498,round_robin,0,100.0,3.469
1765472011.2082393,round_robin,0,100.0,3.469
1765472011.362545,round_robin,0,100.0,3.639
1765472011.5171564,round_robin,0,100.0,3.639
1765472011.6723385,round_robin,0,100.0,3.826
1765472011.8283362,round_robin,0,100.0,3.826
1765472011.9838424,round_robin,0,100.0,3.826
1765472012.138569,round_robin,0,100.0,3.826
1765472012.292999,round_robin,0,100.0,3.826
1765472012.4480407,round_robin,0,100.0,4.102
1765472012.603785,round_robin,0,100.0,4.102
1765472012.7598252,round_robin,0,100.0,4.142
1765472012.9127882,round_robin,0,100.0,4.421
1765472013.068348,round_robin,0,100.0,4.421
1765472013.2240958,round_robin,0,100.0,4.473
1765472013.3813276,round_robin,0,100.0,4.699
1765472013.5373282,round_robin,0,100.0,4.699
1765472013.6918778,round_robin,0,100.0,4.699
1765472013.8475506,round_robin,0,100.0,4.699
1765472014.000292,round_robin,0,100.0,5.058
1765472014.1557384,round_robin,0,100.0,5.058
1765472014.3114922,round_robin,0,100.0,5.058
1765472014.4640572,round_robin,0,100.0,5.058
1765472014.6190689,round_robin,0,100.0,5.696
1765472014.7750866,round_robin,0,100.0,5.696
1765472014.9298022,round_robin,0,100.0,5.696
1765472015.085023,round_robin,0,100.0,5.696
1765472015.2399056,round_robin,0,100.0,5.915
1765472015.3943589,round_robin,0,100.0,5.915
1765472015.5505195,round_robin,0,100.0,5.915
1765472015.707374,round_robin,0,100.0,5.915
1765472015.862712,round_robin,0,100.0,5.962
1765472016.019264,round_robin,0,100.0,5.962
1765472016.1725621,round_robin,0,100.0,6.39
1765472016.329522,round_robin,0,100.0,6.39
1765472016.4852264,round_robin,0,100.0,6.616
1765472016.6417558,round_robin,0,100.0,6.833
1765472016.7944112,round_robin,0,100.0,6.833
1765472016.9514868,round_robin,0,100.0,7.175
1765472017.1059556,round_robin,0,100.0,7.175
1765472017.2630951,least_loaded,0,100.0,7.175
1765472017.4181063,least_loaded,0,100.0,7.175
1765472017.5727997,least_loaded,0,100.0,7.285
1765472017.728561,least_loaded,0,100.0,7.285
1765472017.8849118,least_loaded,0,100.0,7.336
1765472018.041213,least_loaded,0,100.0,7.336
1765472018.1972651,least_loaded,0,100.0,7.664
1765472018.3515441,least_loaded,0,100.0,7.664
1765472018.5072694,least_loaded,0,100.0,7.664
1765472018.6627507,least_loaded,0,100.0,7.672
1765472018.816816,least_loaded,0,100.0,7.672
1765472018.971832,least_loaded,0,100.0,7.851
1765472019.1248593,least_loaded,0,100.0,7.9
1765472019.2797325,least_loaded,0,100.0,7.9
1765472019.4371347,least_loaded,0,100.0,7.9
1765472019.590923,least_loaded,0,100.0,7.9
1765472019.7458625,least_loaded,0,100.0,8.427
1765472019.9011092,least_loaded,0,100.0,8.427
1765472020.0578303,least_loaded,0,100.0,8.673
1765472020.21328,least_loaded,0,100.0,8.673
1765472020.3704965,least_loaded,0,100.0,8.673
1765472020.5284975,least_loaded,0,100.0,8.723
1765472020.6849453,least_loaded,0,100.0,9.256
1765472020.8404164,least_loaded,0,100.0,9.256
1765472020.9964519,least_loaded,0,100.0,9.336
1765472021.154507,least_loaded,0,100.0,9.494
1765472021.311962,least_loaded,0,100.0,9.494
1765472021.4677584,least_loaded,0,100.0,9.494
1765472021.6246269,least_loaded,0,100.0,9.494
1765472021.7797453,least_loaded,0,100.0,9.725
1765472021.9345393,least_loaded,0,100.0,9.725
1765472022.0891752,least_loaded,0,100.0,9.725
1765472022.2436347,least_loaded,0,100.0,9.725
1765472022.3990054,least_loaded,0,100.0,9.867
1765472022.5548964,least_loaded,0,100.0,9.867
1765472022.7104204,least_loaded,0,100.0,9.867
1765472022.8645437,least_loaded,0,100.0,9.867
1765472023.0201306,least_loaded,0,100.0,9.867
1765472023.1739259,least_loaded,0,100.0,9.867
1765472023.328405,least_loaded,0,100.0,9.867
1765472023.481904,least_loaded,0,100.0,9.867
1765472023.6354914,least_loaded,0,100.0,9.867
1765472023.791162,least_loaded,0,100.0,9.867
1765472023.9445982,least_loaded,0,100.0,9.867
1765472024.098691,least_loaded,0,100.0,9.867
1765472024.2527373,least_loaded,0,100.0,9.867
1765472024.4061022,least_loaded,0,100.0,9.867
1765472024.5623405,least_loaded,0,100.0,9.867
1765472024.7180355,least_loaded,0,100.0,9.867
1765472024.8693645,least_loaded,0,100.0,9.867
1765472025.023317,least_loaded,0,100.0,9.867
1765472025.1778536,least_loaded,0,100.0,9.867
1765472025.3334835,least_loaded,0,100.0,9.867
1765472025.4888723,least_loaded,0,75.0,9.867
1765472025.640794,least_loaded,0,75.0,9.867
1765472025.7940137,least_loaded,0,75.0,9.867
1765472025.9501507,least_loaded,0,75.0,9.867
1765472026.104184,least_loaded,0,50.0,9.867
1765472026.2575107,least_loaded,0,50.0,9.867
1765472026.4122374,least_loaded,0,75.0,9.867
1765472026.5647347,least_loaded,0,50.0,9.867
1765472026.719487,least_loaded,0,25.0,9.867
1765472026.8737838,least_loaded,0,25.0,9.867
1765472027.0290573,least_loaded,0,25.0,9.867
1765472027.1839712,least_loaded,0,0.0,9.867
1765472027.3370798,least_loaded,0,33.3,9.867
1765472027.492839,least_loaded,0,33.3,9.867
1765472027.6485062,least_loaded,0,33.3,9.867
1765472027.8026826,least_loaded,0,33.3,9.867
1765472027.9587066,least_loaded,0,33.3,9.867
1765472028.1143768,least_loaded,0,33.3,9.867
1765472028.2696033,least_loaded,0,100.0,9.867
1765472028.4244316,least_loaded,0,100.0,9.867
1765472028.579392,least_loaded,0,100.0,9.867
1765472028.7354608,least_loaded,0,100.0,9.867
1765472028.8910944,least_loaded,0,100.0,9.867
1765472029.0445848,least_loaded,0,100.0,9.867
1765472029.1991675,least_loaded,0,66.7,9.867
1765472029.3517928,least_loaded,0,66.7,9.867
1765472029.5062232,least_loaded,0,66.7,9.867
1765472029.66123,least_loaded,0,66.7,9.867
1765472029.8163607,least_loaded,0,66.7,9.867
1765472029.9697046,least_loaded,0,66.7,9.867
1765472030.1245923,least_loaded,0,66.7,9.867
1765472030.2821095,least_loaded,0,66.7,9.867
1765472030.4359784,least_loaded,0,33.3,9.867
1765472030.5881221,least_loaded,0,33.3,9.867
1765472030.7437818,least_loaded,0,66.7,9.867
1765472030.8981009,least_loaded,0,66.7,9.867
1765472031.0545728,least_loaded,0,66.7,9.867
1765472031.210819,least_loaded,0,66.7,9.867
1765472031.3680363,least_loaded,0,33.3,9.867
1765472031.5204074,least_loaded,0,33.3,9.867
1765472031.6729321,least_loaded,0,33.3,9.867
1765472031.8292916,least_loaded,0,33.3,9.867
1765472031.9855866,least_loaded,0,33.3,9.867
1765472032.1409888,least_loaded,0,66.7,8.571
1765472032.2956128,least_loaded,0,66.7,8.571
1765472032.4508867,least_loaded,0,66.7,8.571
1765472032.604712,least_loaded,0,66.7,8.571
1765472032.7619624,least_loaded,0,0.0,8.259
1765472032.917897,least_loaded,0,33.3,8.259
1765472033.0728438,least_loaded,0,33.3,8.259
1765472033.228187,least_loaded,0,25.0,8.259
1765472033.3827367,least_loaded,0,25.0,8.259
1765472033.5387595,least_loaded,0,25.0,8.259
1765472033.6942723,least_loaded,0,50.0,8.259
1765472033.8502548,least_loaded,0,25.0,7.271
1765472034.0057986,least_loaded,0,25.0,7.271
1765472034.1628337,least_loaded,0,33.3,7.271
1765472034.3188243,least_loaded,0,33.3,7.271
1765472034.4728067,least_loaded,0,33.3,7.271
1765472034.6271663,least_loaded,0,33.3,7.271
1765472034.784245,least_loaded,0,66.7,7.271
1765472034.940321,least_loaded,0,66.7,7.271
1765472035.095156,least_loaded,0,66.7,7.271
1765472035.2505047,least_loaded,0,25.0,7.271
1765472035.4065495,least_loaded,0,25.0,7.271
1765472035.563055,least_loaded,0,25.0,7.271
1765472035.7189026,least_loaded,0,50.0,7.271
1765472035.874762,least_loaded,0,25.0,7.271
1765472036.0298858,least_loaded,0,25.0,7.271
1765472036.1866474,least_loaded,0,25.0,6.192
1765472036.3409107,least_loaded,0,25.0,6.192
1765472036.4974296,least_loaded,0,25.0,6.192
1765472036.6530764,least_loaded,0,25.0,6.192
1765472036.8102582,least_loaded,0,25.0,6.192
1765472036.9649377,least_loaded,0,25.0,6.192
1765472037.120464,least_loaded,0,25.0,6.192
1765472037.274886,work_stealing,0,25.0,6.192
1765472037.4321866,work_stealing,0,25.0,6.192
1765472037.5875576,work_stealing,0,25.0,5.048
1765472037.7451608,work_stealing,0,25.0,5.048
1765472037.9011993,work_stealing,0,33.3,5.048
1765472038.0550086,work_stealing,0,33.3,5.048
1765472038.2091618,work_stealing,0,33.3,5.048
1765472038.365056,work_stealing,0,33.3,4.986
1765472038.5205078,work_stealing,0,33.3,4.986
1765472038.676501,work_stealing,0,33.3,4.986
1765472038.8308108,work_stealing,0,33.3,4.986
1765472038.9849076,work_stealing,0,33.3,4.986
1765472039.1405609,work_stealing,0,33.3,4.986
1765472039.292226,work_stealing,0,33.3,4.986
1765472039.4485457,work_stealing,0,33.3,4.986
1765472039.603773,work_stealing,0,33.3,4.986
1765472039.7582898,work_stealing,0,33.3,4.986
1765472039.91451,work_stealing,0,33.3,4.986
1765472040.0703363,work_stealing,0,33.3,4.986
1765472040.2255282,work_stealing,0,33.3,4.986
1765472040.3808954,work_stealing,0,33.3,4.986
1765472040.5358403,work_stealing,0,33.3,4.986
1765472040.6916392,work_stealing,0,33.3,4.986
1765472040.8455844,work_stealing,1,100.0,4.986
1765472041.0002577,work_stealing,1,100.0,4.986
1765472041.1546032,work_stealing,1,100.0,4.986
1765472041.3093069,work_stealing,1,100.0,4.878
1765472041.4648142,work_stealing,1,100.0,4.878
1765472041.6213002,work_stealing,1,100.0,4.508
1765472041.7743871,work_stealing,1,66.7,4.508
1765472041.9308646,least_loaded,1,66.7,4.508
1765472042.0865,least_loaded,1,33.3,4.167
1765472042.2427118,least_loaded,1,33.3,4.167
1765472042.3956127,least_loaded,1,33.3,4.167
1765472042.5507612,least_loaded,1,33.3,4.167
1765472042.707534,least_loaded,1,66.7,4.167
1765472042.8649313,least_loaded,1,66.7,4.167
1765472043.0203195,least_loaded,1,66.7,4.167
1765472043.1759698,least_loaded,1,66.7,4.167
1765472043.3312936,least_loaded,1,33.3,4.167
1765472043.4870312,least_loaded,1,100.0,4.167
1765472043.6413472,least_loaded,1,100.0,4.167
1765472043.7960954,least_loaded,1,100.0,4.167
1765472043.9516401,least_loaded,1,100.0,4.167
1765472044.1066272,least_loaded,1,100.0,2.869
1765472044.2619088,least_loaded,1,100.0,2.869
1765472044.416974,least_loaded,1,100.0,2.869
1765472044.571535,least_loaded,1,100.0,2.869
1765472044.72761,least_loaded,1,100.0,1.619
1765472044.8820946,least_loaded,1,100.0,1.619
1765472045.0382788,least_loaded,1,100.0,1.619
1765472045.194131,least_loaded,1,100.0,1.619
1765472045.350052,least_loaded,1,100.0,1.619
1765472045.5022936,least_loaded,1,100.0,1.671
1765472045.6597524,least_loaded,1,100.0,1.671
1765472045.8155823,least_loaded,1,100.0,2.095
1765472045.9709752,least_loaded,1,100.0,2.345
1765472046.1254776,least_loaded,1,100.0,2.345
1765472046.2818732,least_loaded,1,100.0,2.345
1765472046.4380164,least_loaded,1,100.0,2.533
1765472046.591164,least_loaded,1,100.0,2.842
1765472046.7456372,least_loaded,1,100.0,2.842
1765472046.901222,least_loaded,1,100.0,2.952
1765472047.0560613,least_loaded,1,100.0,2.952
1765472047.2114038,least_loaded,1,100.0,2.952
1765472047.3655837,least_loaded,1,100.0,2.952
1765472047.5191274,least_loaded,1,100.0,2.952
1765472047.6738787,least_loaded,1,100.0,3.076
1765472047.828814,least_loaded,1,100.0,3.076
1765472047.9832628,least_loaded,1,100.0,3.399
1765472048.1358924,least_loaded,1,100.0,3.489
1765472048.2902734,least_loaded,1,100.0,3.489
1765472048.4429197,least_loaded,1,100.0,3.52
1765472048.5992687,least_loaded,1,100.0,3.52
1765472048.7546537,least_loaded,1,100.0,3.583
1765472048.910382,least_loaded,1,100.0,3.964
1765472049.0682082,least_loaded,1,100.0,4.415
1765472049.2245436,least_loaded,1,100.0,4.415
1765472049.3806784,least_loaded,1,100.0,4.415
1765472049.5345657,least_loaded,1,100.0,4.588
1765472049.6871436,least_loaded,1,100.0,4.588
1765472049.841731,least_loaded,1,100.0,5.133
1765472049.9982774,least_loaded,1,100.0,5.133
1765472050.153759,least_loaded,1,100.0,5.133
1765472050.3093941,least_loaded,1,100.0,5.133
1765472050.4650443,least_loaded,1,100.0,5.133
1765472050.621484,least_loaded,1,100.0,5.133
1765472050.777178,least_loaded,1,100.0,5.133
1765472050.9333932,least_loaded,1,100.0,5.133
1765472051.088488,least_loaded,1,100.0,5.133
1765472051.2435732,least_loaded,1,100.0,5.133
1765472051.4010925,least_loaded,1,66.7,5.133
1765472051.5576215,least_loaded,1,66.7,5.133
1765472051.7132373,least_loaded,1,66.7,5.133
1765472051.8698785,least_loaded,1,100.0,5.133
1765472052.024475,least_loaded,1,100.0,5.133
1765472052.1802933,least_loaded,1,100.0,5.133
1765472052.336331,least_loaded,1,66.7,5.133
1765472052.491099,least_loaded,1,66.7,5.133
1765472052.646821,least_loaded,1,33.3,5.133
1765472052.8011444,least_loaded,1,33.3,5.133
1765472052.9570122,least_loaded,1,33.3,5.133
1765472053.1100836,least_loaded,1,33.3,5.133
1765472053.2650177,least_loaded,1,33.3,5.133
1765472053.4205134,least_loaded,1,66.7,5.133
1765472053.5775228,least_loaded,1,66.7,5.133
1765472053.732627,least_loaded,1,66.7,5.133
1765472053.8880694,least_loaded,1,66.7,5.133
1765472054.0438113,least_loaded,1,66.7,5.133
1765472054.1983578,least_loaded,1,66.7,5.133
1765472054.351964,least_loaded,1,33.3,5.133
1765472054.5086873,least_loaded,1,33.3,5.133
1765472054.6631773,least_loaded,1,33.3,5.133
1765472054.819342,least_loaded,1,33.3,5.133
1765472054.9759254,least_loaded,1,33.3,5.133
1765472055.131479,least_loaded,1,33.3,5.133
1765472055.288155,least_loaded,1,33.3,5.133
1765472055.442857,least_loaded,1,33.3,5.133
1765472055.5987866,least_loaded,1,33.3,5.133
1765472055.7547863,least_loaded,1,33.3,5.133
1765472055.9088795,least_loaded,1,33.3,5.133
1765472056.0629618,least_loaded,1,33.3,5.133
1765472056.2205179,least_loaded,1,33.3,5.133
1765472056.3765087,least_loaded,1,33.3,5.133
1765472056.5309467,least_loaded,1,33.3,5.133
1765472056.684637,least_loaded,1,33.3,5.133
1765472056.8376775,least_loaded,1,33.3,5.133
1765472056.992615,least_loaded,1,33.3,5.133
1765472057.1486506,least_loaded,1,33.3,5.133
1765472057.3034647,least_loaded,1,33.3,5.133
1765472057.4576397,least_loaded,1,33.3,5.133
1765472057.6123855,least_loaded,1,33.3,5.133
1765472057.7681193,least_loaded,1,33.3,5.133
1765472057.9217238,least_loaded,1,25.0,5.133
1765472058.0784564,least_loaded,1,25.0,5.133
1765472058.2340288,least_loaded,1,0.0,5.133
1765472058.389949,least_loaded,1,0.0,5.133
1765472058.5451097,least_loaded,1,25.0,5.133
1765472058.70141,least_loaded,1,25.0,5.133
1765472058.8569129,least_loaded,1,100.0,5.133
1765472059.0135136,least_loaded,1,100.0,5.133
1765472059.1658661,least_loaded,1,100.0,5.133
1765472059.3212793,least_loaded,1,100.0,5.133
1765472059.4774482,least_loaded,1,75.0,5.133
1765472059.6317875,least_loaded,1,25.0,5.133
1765472059.7884314,least_loaded,1,25.0,5.133
1765472059.9443824,least_loaded,1,25.0,5.133
1765472060.0973015,least_loaded,1,0.0,5.133
1765472060.2517283,least_loaded,1,25.0,5.133
1765472060.4083736,least_loaded,1,25.0,5.133
1765472060.5638492,least_loaded,1,0.0,5.133
1765472060.720558,least_loaded,1,25.0,5.133
1765472060.873084,least_loaded,1,25.0,5.133
1765472061.028498,least_loaded,1,25.0,5.133
1765472061.182509,least_loaded,1,25.0,5.133
1765472061.3379364,least_loaded,1,25.0,5.133
1765472061.4961684,least_loaded,1,25.0,5.133
1765472061.654989,least_loaded,1,0.0,5.133
1765472061.8116777,least_loaded,1,25.0,5.133
1765472061.9673324,work_stealing,1,25.0,5.133
1765472062.1256237,work_stealing,1,25.0,5.133
1765472062.2782116,work_stealing,1,25.0,5.133
1765472062.4376187,work_stealing,1,25.0,5.133
1765472062.588861,work_stealing,1,25.0,5.133
1765472062.744016,work_stealing,1,25.0,5.133
1765472062.8990836,work_stealing,1,25.0,5.133
1765472063.052433,work_stealing,1,100.0,5.133
1765472063.208004,work_stealing,1,100.0,5.133
1765472063.363051,work_stealing,1,100.0,5.133
1765472063.5195131,work_stealing,1,100.0,5.133
1765472063.6729085,work_stealing,1,100.0,5.133
1765472063.828068,work_stealing,1,100.0,5.133
1765472063.9831235,work_stealing,1,100.0,5.133
1765472064.1388404,work_stealing,1,100.0,5.133
1765472064.293325,work_stealing,1,100.0,5.133
1765472064.4629188,work_stealing,1,100.0,5.133
1765472064.614438,work_stealing,1,100.0,5.133
1765472064.768431,work_stealing,1,100.0,5.133
1765472064.9246316,work_stealing,1,100.0,4.837
1765472065.0781732,work_stealing,1,100.0,4.401
1765472065.2316263,work_stealing,1,100.0,4.401
1765472065.3873367,work_stealing,1,100.0,3.831
1765472065.5434525,work_stealing,1,100.0,3.831
1765472065.6993165,work_stealing,1,75.0,3.337
1765472065.8537714,work_stealing,1,25.0,3.249
1765472066.0074456,work_stealing,1,25.0,3.249
1765472066.1638017,work_stealing,1,25.0,2.848
1765472066.3194652,work_stealing,1,75.0,2.848
1765472066.4750996,work_stealing,1,100.0,2.8
1765472066.6316886,work_stealing,1,100.0,2.8
1765472066.7868729,work_stealing,1,100.0,2.8
1765472066.9389393,work_stealing,1,100.0,2.664
1765472067.0962074,work_stealing,1,100.0,2.44
1765472067.24976,work_stealing,1,100.0,2.44
1765472067.4054742,work_stealing,1,100.0,2.44
1765472067.55894,work_stealing,1,100.0,2.363
1765472067.7141395,work_stealing,1,100.0,2.363
1765472067.8687706,work_stealing,1,100.0,2.363
1765472068.0247898,work_stealing,1,100.0,2.363
1765472068.1831918,work_stealing,1,100.0,2.363
1765472068.3379567,work_stealing,1,100.0,2.363
1765472068.4922876,work_stealing,1,100.0,2.363
1765472068.6457884,work_stealing,1,100.0,2.363
1765472068.8003995,work_stealing,1,100.0,2.44
1765472068.9550085,work_stealing,1,100.0,2.44
1765472069.1115277,work_stealing,1,100.0,2.44
1765472069.2670622,work_stealing,1,100.0,2.44
1765472069.4208477,work_stealing,1,100.0,2.44
1765472069.5740876,work_stealing,1,100.0,2.44
1765472069.7308478,work_stealing,1,100.0,2.44
1765472069.8870175,work_stealing,1,100.0,2.449
1765472070.0429046,work_stealing,1,100.0,2.637
1765472070.1991792,work_stealing,1,100.0,2.637
1765472070.3528128,work_stealing,1,100.0,2.683
1765472070.5076478,work_stealing,1,100.0,2.8
1765472070.6628387,work_stealing,1,100.0,3.026
1765472070.8196096,work_stealing,1,100.0,3.026
1765472070.9733143,work_stealing,1,100.0,3.196
1765472071.1296155,work_stealing,1,100.0,3.196
1765472071.2861774,work_stealing,1,100.0,3.196
1765472071.441279,work_stealing,1,100.0,3.196
1765472071.5977514,work_stealing,1,100.0,3.196
1765472071.7539217,work_stealing,1,100.0,3.37
1765472071.9074512,work_stealing,1,100.0,3.476
1765472072.0629678,work_stealing,1,100.0,3.476
1765472072.2187626,work_stealing,1,100.0,3.476
1765472072.3751178,work_stealing,1,100.0,3.663
1765472072.5297213,work_stealing,1,100.0,3.927
1765472072.6851509,work_stealing,1,100.0,4.004
1765472072.8410056,work_stealing,1,100.0,4.222
1765472072.9971697,work_stealing,1,100.0,4.222
1765472073.1528714,work_stealing,1,100.0,4.315
1765472073.3080769,work_stealing,1,100.0,4.424
1765472073.4640782,work_stealing,1,100.0,4.424
1765472073.6194415,work_stealing,1,100.0,4.424
1765472073.7760231,work_stealing,1,100.0,4.424
1765472073.9319363,work_stealing,1,100.0,4.424
1765472074.0890083,work_stealing,1,100.0,4.79
1765472074.241879,round_robin,1,100.0,4.821
1765472074.3953097,round_robin,1,100.0,4.821
1765472074.5509355,round_robin,1,100.0,4.821
1765472074.7027178,round_robin,1,100.0,4.836
1765472074.8569477,round_robin,1,100.0,5.328
1765472075.0133436,round_robin,1,100.0,5.405
1765472075.1669762,round_robin,1,100.0,5.405
1765472075.3206484,round_robin,1,100.0,5.405
1765472075.472057,round_robin,1,100.0,5.528
1765472075.626389,round_robin,1,75.0,5.528
1765472075.782265,round_robin,1,100.0,5.637
1765472075.938154,round_robin,1,100.0,5.637
1765472076.093236,round_robin,1,75.0,5.637
1765472076.2513287,round_robin,1,75.0,5.637
1765472076.4054115,round_robin,1,75.0,5.637
1765472076.5589805,round_robin,1,50.0,5.637
1765472076.7295625,round_robin,1,25.0,5.637
1765472076.8852172,round_robin,1,50.0,5.637
1765472077.0402136,round_robin,1,25.0,5.637
1765472077.1944437,round_robin,1,25.0,5.637
1765472077.3489876,round_robin,1,25.0,5.637
1765472077.5034037,round_robin,1,25.0,5.637
1765472077.6587508,round_robin,1,0.0,5.637
1765472077.8145823,round_robin,1,25.0,5.637
1765472077.9710736,round_robin,1,25.0,5.637
1765472078.1258075,round_robin,1,25.0,5.637
1765472078.280413,round_robin,1,0.0,5.637
1765472078.4372835,round_robin,1,25.0,5.637
1765472078.5931854,round_robin,1,25.0,5.637
1765472078.748863,round_robin,1,25.0,5.637
1765472078.902959,round_robin,1,25.0,5.637
1765472079.0595374,round_robin,1,0.0,5.637
1765472079.2131798,round_robin,1,25.0,5.637
1765472079.3685777,round_robin,1,25.0,5.637
1765472079.5223095,round_robin,1,25.0,5.637
1765472079.6783473,round_robin,1,25.0,5.637
1765472079.8353288,round_robin,1,25.0,5.637
1765472079.9910574,round_robin,1,25.0,5.637
1765472080.1465738,round_robin,1,25.0,5.637
1765472080.2996578,round_robin,1,0.0,5.637
1765472080.4550529,round_robin,1,0.0,5.637
1765472080.6112142,round_robin,1,25.0,5.637
1765472080.7660933,round_robin,1,25.0,5.637
1765472080.9220994,round_robin,1,25.0,5.637
1765472081.0760517,round_robin,1,25.0,5.637
1765472081.2322426,round_robin,1,50.0,5.637
1765472081.3903337,round_robin,1,25.0,5.637
1765472081.5448828,round_robin,1,25.0,5.637
1765472081.6999953,round_robin,1,50.0,5.637
1765472081.8554626,round_robin,1,50.0,5.637
1765472082.0100124,round_robin,1,25.0,5.637
1765472082.164319,round_robin,1,50.0,5.637
1765472082.3193097,round_robin,1,50.0,5.637
1765472082.472573,round_robin,1,25.0,5.637
1765472082.629924,round_robin,1,0.0,5.637
1765472082.7843432,round_robin,1,25.0,5.637
1765472082.9404528,round_robin,1,25.0,5.637
1765472083.0966585,round_robin,1,25.0,5.637
1765472083.2515202,round_robin,1,0.0,5.637
1765472083.405925,round_robin,1,0.0,5.637
1765472083.5612187,round_robin,1,25.0,5.637
1765472083.7164824,round_robin,1,25.0,5.637
1765472083.8715808,round_robin,1,25.0,5.637
1765472084.0515194,round_robin,1,25.0,5.637
1765472084.227975,round_robin,1,25.0,5.637
1765472084.388702,round_robin,1,25.0,5.637
1765472084.5431,round_robin,1,25.0,5.637
1765472084.6984775,round_robin,1,25.0,5.637
1765472084.8534803,round_robin,1,50.0,5.637
1765472085.0079315,round_robin,1,50.0,5.637
1765472085.1639843,round_robin,1,25.0,5.637
1765472085.3198788,round_robin,1,25.0,5.637
1765472085.4766424,round_robin,1,25.0,5.637
1765472085.6304448,round_robin,1,25.0,5.637
1765472085.7834082,round_robin,1,0.0,5.637
1765472085.9382665,round_robin,1,25.0,5.637
1765472086.0906072,round_robin,1,25.0,5.637
1765472086.2479012,round_robin,1,25.0,5.637
1765472086.4008262,round_robin,1,50.0,5.637
1765472086.558386,round_robin,1,25.0,5.637
1765472086.7128274,round_robin,1,25.0,5.637
1765472086.8697789,round_robin,1,75.0,5.637
1765472087.0246987,round_robin,1,100.0,5.637
1765472087.1813903,round_robin,1,100.0,5.637
1765472087.3354008,round_robin,1,100.0,5.637
1765472087.4886675,round_robin,1,50.0,5.637
1765472087.6423402,round_robin,1,75.0,5.637
1765472087.797252,round_robin,1,50.0,5.637
1765472087.9518723,round_robin,1,25.0,5.637
1765472088.1065662,round_robin,1,50.0,5.637
1765472088.2629604,round_robin,1,25.0,5.637
1765472088.419766,round_robin,1,25.0,5.637
1765472088.5751696,round_robin,1,0.0,5.637
1765472088.7315454,round_robin,1,0.0,5.637
1765472088.8873835,round_robin,1,0.0,5.637
1765472089.0429015,round_robin,1,25.0,5.637
1765472089.198433,round_robin,1,25.0,5.637
1765472089.3530295,round_robin,1,25.0,5.637
1765472089.5077772,round_robin,1,50.0,5.637
1765472089.6635754,round_robin,1,25.0,5.637
1765472089.8200402,round_robin,1,25.0,5.637
1765472089.974706,round_robin,1,0.0,5.637
1765472090.130273,round_robin,1,0.0,5.637
1765472090.2851017,round_robin,1,25.0,5.637
1765472090.441994,round_robin,1,25.0,5.637
1765472090.5966287,round_robin,1,25.0,5.637
1765472090.7526605,least_loaded,1,50.0,5.637
1765472090.9081824,least_loaded,1,25.0,5.637
1765472091.064283,least_loaded,1,25.0,5.637
1765472091.2195432,least_loaded,1,25.0,5.637
1765472091.375179,least_loaded,1,25.0,5.637
1765472091.5316947,least_loaded,1,25.0,5.637
1765472091.6860778,least_loaded,1,25.0,5.637
1765472091.840178,least_loaded,1,25.0,5.637
1765472091.9944625,least_loaded,1,25.0,5.637
1765472092.148306,least_loaded,1,25.0,5.637
1765472092.3040626,least_loaded,1,25.0,5.637
1765472092.459625,least_loaded,1,25.0,5.637
1765472092.6154888,least_loaded,1,25.0,5.637
1765472092.7704487,least_loaded,1,25.0,5.637
1765472092.9262261,least_loaded,1,25.0,5.637
1765472093.0955377,least_loaded,1,25.0,5.637
1765472093.2502453,least_loaded,1,50.0,5.637
1765472093.4044912,least_loaded,1,100.0,5.637
1765472093.5583582,least_loaded,1,100.0,5.637
1765472093.7141323,least_loaded,1,100.0,5.637
1765472093.86919,least_loaded,1,100.0,5.637
1765472094.0248187,least_loaded,1,100.0,5.637
1765472094.1783738,least_loaded,1,100.0,5.637
1765472094.3329854,least_loaded,1,100.0,5.637
1765472094.4863667,least_loaded,1,100.0,5.637
1765472094.641961,least_loaded,1,100.0,4.209
1765472094.7969372,least_loaded,1,100.0,3.936
1765472094.952452,least_loaded,1,100.0,3.922
1765472095.1072845,least_loaded,1,100.0,3.922
1765472095.2621622,least_loaded,1,100.0,3.049
1765472095.4189746,least_loaded,1,100.0,2.197
1765472095.5713558,least_loaded,1,100.0,2.197
1765472095.7261267,least_loaded,1,100.0,2.118
1765472095.8798487,least_loaded,1,100.0,2.197
1765472096.0329785,least_loaded,1,100.0,2.197
1765472096.1874578,least_loaded,1,100.0,2.197
1765472096.3419855,least_loaded,1,100.0,2.197
1765472096.497549,least_loaded,1,100.0,2.197
1765472096.6532428,least_loaded,1,100.0,2.197
1765472096.8086476,least_loaded,1,100.0,2.197
1765472096.9620154,least_loaded,1,100.0,2.197
1765472097.114538,least_loaded,1,100.0,2.197
1765472097.2692196,least_loaded,1,100.0,2.197
1765472097.4220247,least_loaded,1,100.0,2.197
1765472097.5762253,least_loaded,1,100.0,2.378
1765472097.7309277,least_loaded,1,100.0,2.624
1765472097.8840992,least_loaded,1,100.0,2.628
1765472098.0369759,least_loaded,1,100.0,2.639
1765472098.1885226,least_loaded,1,100.0,2.639
1765472098.3429718,least_loaded,1,100.0,2.639
1765472098.4958804,least_loaded,1,100.0,2.639
1765472098.6520936,least_loaded,1,100.0,2.639
1765472098.8056643,least_loaded,1,100.0,2.756
1765472098.9612188,least_loaded,1,100.0,2.926
1765472099.117715,least_loaded,1,100.0,2.926
1765472099.2722173,least_loaded,1,100.0,2.956
1765472099.428091,least_loaded,1,100.0,3.237
1765472099.5818186,least_loaded,1,100.0,3.33
1765472099.736346,least_loaded,1,100.0,3.33
1765472099.9025743,least_loaded,1,100.0,3.33
1765472100.0584369,least_loaded,1,100.0,3.33
1765472100.2137368,least_loaded,1,100.0,4.117
1765472100.367215,least_loaded,1,100.0,4.117
1765472100.521836,least_loaded,1,100.0,4.117
1765472100.676285,least_loaded,1,100.0,4.117
1765472100.8306034,least_loaded,1,100.0,4.117
1765472100.9834707,least_loaded,1,100.0,4.117
1765472101.1382103,least_loaded,1,100.0,4.117
1765472101.2936702,least_loaded,1,100.0,4.117
1765472101.450307,least_loaded,1,100.0,4.117
1765472101.6034236,least_loaded,1,100.0,4.117
1765472101.7564878,least_loaded,1,100.0,4.117
1765472101.9101336,least_loaded,1,100.0,4.117
1765472102.064742,least_loaded,1,100.0,4.117
1765472102.2188723,least_loaded,1,100.0,4.163
1765472102.3739417,least_loaded,1,100.0,4.163
1765472102.5301578,least_loaded,1,100.0,4.163
1765472102.6853435,least_loaded,1,100.0,4.225
1765472102.8411894,least_loaded,1,100.0,4.225
1765472102.9992042,least_loaded,1,100.0,4.632
1765472103.1580174,least_loaded,1,100.0,4.632
1765472103.3140826,least_loaded,1,100.0,4.632
1765472103.4692113,least_loaded,1,100.0,4.632
1765472103.6255162,least_loaded,1,100.0,4.632
1765472103.7810004,least_loaded,1,100.0,4.632
1765472103.9372473,least_loaded,1,100.0,4.679
1765472104.0932121,least_loaded,1,100.0,4.679
1765472104.2479885,least_loaded,1,100.0,4.851
1765472104.4043894,least_loaded,1,100.0,4.898
1765472104.5591993,least_loaded,1,100.0,4.898
1765472104.7150507,least_loaded,1,100.0,4.898
1765472104.8711524,least_loaded,1,100.0,5.32
1765472105.0269496,least_loaded,1,100.0,5.32
1765472105.1819673,least_loaded,1,100.0,5.32
1765472105.3386338,least_loaded,1,100.0,5.74
1765472105.4956653,least_loaded,1,100.0,5.74
1765472105.6482759,least_loaded,1,100.0,5.74
1765472105.8042774,least_loaded,1,100.0,6.189
1765472105.9625654,least_loaded,1,100.0,6.189
1765472106.1167855,least_loaded,1,100.0,6.189
1765472106.2719908,least_loaded,1,100.0,6.189
1765472106.4298925,least_loaded,1,100.0,6.386
1765472106.584339,least_loaded,1,100.0,6.448
1765472106.7414234,least_loaded,1,100.0,6.656
1765472106.8961363,least_loaded,1,75.0,6.656
1765472107.050207,least_loaded,1,75.0,6.682
1765472107.205934,least_loaded,1,75.0,6.682
1765472107.3602858,least_loaded,1,100.0,6.749
1765472107.5176086,least_loaded,1,100.0,6.884
1765472107.674646,least_loaded,1,100.0,7.21
1765472107.8291523,least_loaded,1,75.0,7.21
1765472107.9839776,least_loaded,1,100.0,7.347
1765472108.1406069,round_robin,1,100.0,7.569
1765472108.2939487,round_robin,1,100.0,7.569
1765472108.4491482,round_robin,1,100.0,7.863
1765472108.604639,round_robin,1,75.0,8.065
1765472108.760063,round_robin,1,75.0,9.365
1765472108.9147925,round_robin,1,75.0,9.365
1765472109.0710318,round_robin,1,75.0,9.365
1765472109.2267354,round_robin,1,75.0,10.157
1765472109.3811605,round_robin,1,75.0,10.343
1765472109.5340314,round_robin,1,75.0,10.403
1765472109.688754,round_robin,1,75.0,10.403
1765472109.8437593,round_robin,1,75.0,10.403
1765472109.9994802,round_robin,1,100.0,10.403
1765472110.154034,round_robin,1,100.0,10.403
1765472110.3066957,round_robin,1,100.0,10.403
1765472110.4594185,round_robin,1,75.0,10.403
1765472110.6147287,round_robin,1,75.0,10.403
1765472110.7703846,round_robin,1,75.0,10.582
1765472110.9245987,work_stealing,1,100.0,10.582
1765472111.081344,work_stealing,3,100.0,10.582
1765472111.237055,work_stealing,3,100.0,10.582
1765472111.3895996,work_stealing,3,100.0,10.582
1765472111.5425236,work_stealing,3,100.0,10.582
1765472111.6967998,round_robin,3,100.0,10.605
1765472111.852595,round_robin,3,100.0,10.696
1765472112.0095549,round_robin,3,100.0,10.696
1765472112.1796122,round_robin,3,100.0,10.738
1765472112.3360052,round_robin,3,100.0,11.103
1765472112.4916093,round_robin,3,75.0,11.103
1765472112.6450884,round_robin,3,75.0,11.103
1765472112.7996273,round_robin,3,75.0,11.103
1765472112.9545305,round_robin,3,100.0,11.103
1765472113.1068168,round_robin,3,100.0,11.15
1765472113.2613106,round_robin,3,100.0,11.15
1765472113.41733,round_robin,3,75.0,11.275
1765472113.5713942,round_robin,3,100.0,11.275
1765472113.727042,round_robin,3,100.0,11.275
1765472113.882486,round_robin,3,100.0,11.275
1765472114.044326,round_robin,3,100.0,11.275
1765472114.1964827,round_robin,3,75.0,11.275
1765472114.3506172,round_robin,3,75.0,11.275
1765472114.5078645,round_robin,3,75.0,11.275
1765472114.6641,work_stealing,4,100.0,11.275
1765472114.817888,work_stealing,4,100.0,11.275
1765472114.9732258,work_stealing,5,100.0,11.275
1765472115.128886,work_stealing,5,75.0,11.275
1765472115.2826438,work_stealing,5,75.0,11.275
1765472115.4371417,work_stealing,5,75.0,11.275
1765472115.593431,work_stealing,5,50.0,11.275
1765472115.7508328,work_stealing,5,25.0,11.275
1765472115.9062703,work_stealing,5,25.0,11.275
1765472116.0610113,work_stealing,5,50.0,11.275
1765472116.2180684,work_stealing,5,50.0,11.275
1765472116.3749976,work_stealing,5,50.0,11.275
1765472116.5300045,round_robin,5,25.0,11.275
1765472116.6868725,round_robin,5,25.0,11.275
1765472116.8421605,round_robin,5,25.0,11.275
1765472116.9984229,round_robin,5,25.0,11.275
1765472117.155197,round_robin,5,25.0,11.275
1765472117.3105803,round_robin,5,25.0,11.275
1765472117.465459,round_robin,5,25.0,11.275
1765472117.6203277,round_robin,5,25.0,11.275
1765472117.7752395,round_robin,5,25.0,11.275
1765472117.9314396,round_robin,5,25.0,11.275
1765472118.0864186,round_robin,5,50.0,11.275
1765472118.2421372,round_robin,5,50.0,11.275
1765472118.3988934,round_robin,5,50.0,11.275
1765472118.5527925,round_robin,5,25.0,11.275
1765472118.708013,round_robin,5,50.0,11.275
1765472118.86374,round_robin,5,100.0,11.275
1765472119.01874,round_robin,5,100.0,11.275
1765472119.174393,round_robin,5,100.0,11.275
1765472119.3286686,round_robin,5,100.0,11.275
1765472119.4845104,round_robin,5,100.0,11.275
1765472119.6391172,round_robin,5,100.0,11.275
1765472119.7936866,round_robin,5,100.0,11.275
1765472119.948037,round_robin,5,100.0,11.275
1765472120.1018322,round_robin,5,100.0,11.275
1765472120.2567475,round_robin,5,100.0,11.275
1765472120.4120164,round_robin,5,100.0,11.275
1765472120.5653272,round_robin,5,100.0,11.275
1765472120.7184243,round_robin,5,100.0,11.275
1765472120.8725698,round_robin,5,100.0,11.275
1765472121.0290675,round_robin,5,100.0,11.275
1765472121.1847882,round_robin,5,100.0,11.275
1765472121.33975,round_robin,5,100.0,11.275
1765472121.4958615,round_robin,5,100.0,11.275
1765472121.6514928,round_robin,5,100.0,11.275
1765472121.8069842,round_robin,5,100.0,11.275
1765472121.9609256,round_robin,5,100.0,11.275
1765472122.117877,round_robin,5,100.0,10.89
1765472122.2744823,round_robin,5,100.0,10.89
1765472122.4307082,round_robin,5,100.0,10.89
1765472122.5825605,round_robin,5,100.0,9.823
1765472122.7380188,round_robin,5,100.0,9.823
1765472122.8916836,round_robin,5,100.0,9.823
1765472123.0469515,round_robin,5,100.0,8.67
1765472123.20439,round_robin,5,100.0,7.251
1765472123.3616517,round_robin,5,100.0,7.251
1765472123.5175695,round_robin,5,100.0,7.251
1765472123.6710017,round_robin,5,100.0,5.514
1765472123.8266797,round_robin,5,100.0,5.406
1765472123.9822953,round_robin,5,100.0,3.439
1765472124.137656,round_robin,5,100.0,3.439
1765472124.292411,round_robin,5,100.0,3.512
1765472124.4484174,round_robin,5,100.0,3.512
1765472124.6029038,round_robin,5,100.0,3.792
1765472124.7591345,round_robin,5,100.0,3.992
1765472124.9175029,round_robin,5,100.0,4.048
1765472125.069868,round_robin,5,100.0,4.276
1765472125.2245305,round_robin,5,100.0,4.291
1765472125.3815293,round_robin,5,100.0,4.291
1765472125.5360477,round_robin,5,100.0,4.522
1765472125.691171,round_robin,5,100.0,4.522
1765472125.844857,round_robin,5,100.0,4.522
1765472126.0001655,round_robin,5,100.0,4.592
1765472126.1558921,round_robin,5,100.0,4.592
1765472126.3134434,round_robin,5,100.0,4.592
1765472126.4708276,round_robin,5,100.0,4.755
1765472126.6273348,round_robin,5,100.0,4.755
1765472126.7827246,round_robin,5,100.0,4.833
1765472126.9377332,round_robin,5,100.0,5.006
1765472127.0926607,round_robin,5,100.0,5.006
1765472127.249336,round_robin,5,100.0,5.084
1765472127.4029522,round_robin,5,100.0,5.219
1765472127.557949,round_robin,5,100.0,5.518
1765472127.7137244,round_robin,5,100.0,5.518
1765472127.8692129,round_robin,5,100.0,5.518
1765472128.0267031,round_robin,5,100.0,5.518
1765472128.1819916,round_robin,5,75.0,5.518
1765472128.3382692,round_robin,5,75.0,5.518
1765472128.494061,round_robin,5,75.0,5.58
1765472128.6474867,round_robin,5,75.0,5.58
1765472128.8004756,round_robin,5,100.0,5.58
1765472128.9559298,round_robin,5,100.0,5.827
1765472129.1105194,round_robin,5,100.0,5.827
1765472129.2675078,round_robin,5,75.0,5.827
1765472129.42157,round_robin,5,75.0,5.827
1765472129.5763955,round_robin,5,75.0,5.827
1765472129.7330976,round_robin,5,75.0,6.593
1765472129.8906677,round_robin,5,75.0,6.593
1765472130.0486095,round_robin,5,75.0,6.593
1765472130.2036126,round_robin,5,75.0,6.593
1765472130.3595748,round_robin,5,75.0,6.593
1765472130.514966,round_robin,5,50.0,6.593
1765472130.6697354,round_robin,5,50.0,6.593
1765472130.826232,round_robin,5,50.0,6.593
1765472130.9786892,round_robin,5,25.0,6.593
1765472131.136944,round_robin,5,50.0,6.593
1765472131.2962682,round_robin,5,50.0,6.593
1765472131.450595,round_robin,5,50.0,6.593
1765472131.6075373,round_robin,5,25.0,6.593
1765472131.7638109,round_robin,5,25.0,6.593
1765472131.9200187,round_robin,5,25.0,6.593
1765472132.0776622,round_robin,5,25.0,6.593
1765472132.2346275,round_robin,5,50.0,6.593
1765472132.3885734,round_robin,5,50.0,6.593
1765472132.54437,round_robin,5,50.0,6.593
1765472132.699779,round_robin,5,50.0,6.593
1765472132.8558226,round_robin,5,75.0,6.593
1765472133.010141,work_stealing,5,50.0,6.593
1765472133.1672397,work_stealing,5,50.0,6.593
1765472133.323819,work_stealing,5,25.0,6.593
1765472133.479729,work_stealing,5,25.0,6.593
1765472133.6341982,work_stealing,5,25.0,6.593
1765472133.7914143,work_stealing,5,25.0,6.593
1765472133.9476929,work_stealing,5,25.0,6.593
1765472134.1027303,work_stealing,5,25.0,6.593
1765472134.2596886,work_stealing,5,25.0,6.593
1765472134.4146996,work_stealing,5,25.0,6.593
1765472134.5718277,work_stealing,5,25.0,6.593
1765472134.7270374,work_stealing,5,100.0,6.593
1765472134.883274,work_stealing,5,100.0,6.593
1765472135.0350823,work_stealing,5,100.0,6.593
1765472135.1944842,work_stealing,5,100.0,6.593
1765472135.350943,work_stealing,5,100.0,6.593
1765472135.507819,work_stealing,5,100.0,6.593
1765472135.6628296,work_stealing,5,100.0,6.593
1765472135.8190277,work_stealing,5,100.0,6.593
1765472135.9755764,work_stealing,5,100.0,6.593
1765472136.1297657,work_stealing,5,100.0,6.593
1765472136.2869475,work_stealing,5,100.0,6.593
1765472136.4404752,work_stealing,5,100.0,6.593
1765472136.5959897,work_stealing,5,100.0,6.593
1765472136.752426,work_stealing,5,100.0,6.593
1765472136.907721,work_stealing,5,100.0,6.593
1765472137.063888,work_stealing,5,100.0,6.593
1765472137.2207792,work_stealing,5,100.0,6.593
1765472137.3781068,work_stealing,5,100.0,6.593
1765472137.5324697,work_stealing,5,100.0,6.593
1765472137.688172,work_stealing,5,100.0,6.593
1765472137.844184,work_stealing,5,100.0,6.593
1765472137.9997687,work_stealing,5,100.0,6.593
1765472138.1563845,work_stealing,5,100.0,6.593
1765472138.3150387,work_stealing,5,100.0,6.593
1765472138.4720533,work_stealing,5,100.0,6.593
1765472138.627208,work_stealing,5,100.0,6.593
1765472138.780576,work_stealing,5,100.0,6.593
1765472138.9360309,work_stealing,5,100.0,5.197
1765472139.0932357,work_stealing,5,100.0,5.197
1765472139.2492924,work_stealing,5,100.0,4.628
1765472139.4077575,work_stealing,5,100.0,4.628
1765472139.5637445,work_stealing,5,100.0,4.628
1765472139.7170227,work_stealing,5,100.0,4.628
1765472139.8693168,work_stealing,5,100.0,4.628
1765472140.0251272,work_stealing,5,100.0,4.25
1765472140.180839,work_stealing,5,100.0,4.25
1765472140.334197,work_stealing,5,100.0,4.25
1765472140.4887593,work_stealing,5,100.0,3.809
1765472140.6441903,work_stealing,5,100.0,3.809
1765472140.8003974,work_stealing,5,100.0,3.809
1765472140.9551575,work_stealing,5,100.0,3.809
1765472141.1121407,work_stealing,5,100.0,4.198
1765472141.266521,work_stealing,5,100.0,4.198
1765472141.4215941,work_stealing,5,100.0,4.307
1765472141.5758653,work_stealing,5,100.0,4.633
1765472141.7308204,work_stealing,5,100.0,4.633
1765472141.8851461,work_stealing,5,100.0,4.633
1765472142.040864,work_stealing,5,100.0,4.633
1765472142.1977322,work_stealing,5,100.0,4.633
1765472142.3529909,work_stealing,5,100.0,4.633
1765472142.5085597,work_stealing,5,100.0,4.743
1765472142.6654708,work_stealing,5,100.0,4.773
1765472142.8229723,work_stealing,5,100.0,4.773
1765472142.9795165,work_stealing,5,100.0,4.852
1765472143.1349459,work_stealing,5,100.0,4.852
1765472143.2895331,work_stealing,5,100.0,5.212
1765472143.4453156,work_stealing,5,100.0,5.26
1765472143.6006446,work_stealing,5,100.0,5.26
1765472143.7566583,work_stealing,5,100.0,5.57
1765472143.912138,work_stealing,5,100.0,5.633
1765472144.0658548,work_stealing,5,100.0,5.633
1765472144.2215238,work_stealing,5,100.0,5.633
1765472144.3766885,work_stealing,5,100.0,6.053
1765472144.5328772,work_stealing,5,100.0,6.053
1765472144.6903954,work_stealing,5,100.0,6.053
1765472144.8455555,work_stealing,5,100.0,6.053
1765472145.0024147,work_stealing,5,100.0,6.178
1765472145.1594112,work_stealing,5,100.0,6.178
1765472145.3139188,work_stealing,5,100.0,6.22
1765472145.4696128,work_stealing,5,100.0,6.58
1765472145.625453,work_stealing,5,100.0,6.687
1765472145.78094,work_stealing,5,100.0,6.687
1765472145.9378834,work_stealing,5,100.0,6.718
1765472146.093057,work_stealing,5,100.0,6.812
1765472146.2501786,work_stealing,5,100.0,6.812
1765472146.4053159,work_stealing,5,100.0,6.812
1765472146.562529,work_stealing,5,100.0,6.812
1765472146.716315,work_stealing,5,100.0,6.921
1765472146.8723133,work_stealing,5,100.0,7.045
1765472147.0264263,work_stealing,5,100.0,7.045
1765472147.1846185,work_stealing,5,100.0,7.248
1765472147.3398175,work_stealing,5,100.0,7.357
1765472147.496091,work_stealing,5,100.0,7.498
1765472147.6502504,work_stealing,5,100.0,7.498
1765472147.8065886,work_stealing,5,100.0,7.716
1765472147.9623268,work_stealing,5,100.0,7.716
1765472148.1154912,work_stealing,5,100.0,7.716
1765472148.2727332,work_stealing,5,100.0,8.025
1765472148.4286563,work_stealing,5,100.0,8.025
1765472148.5843093,work_stealing,5,100.0,8.025
1765472148.7391806,work_stealing,5,100.0,8.026
1765472148.8942516,work_stealing,5,100.0,8.026
1765472149.049272,work_stealing,5,100.0,8.343
1765472149.2060575,work_stealing,5,100.0,8.373
1765472149.3609066,work_stealing,5,100.0,8.554
1765472149.5175476,work_stealing,5,100.0,8.554
1765472149.6720288,work_stealing,5,100.0,8.554
1765472149.8287733,work_stealing,5,100.0,8.67
1765472149.9805646,work_stealing,5,100.0,8.913
1765472150.1368082,work_stealing,5,100.0,9.09
1765472150.2918403,work_stealing,5,100.0,9.09
1765472150.448378,work_stealing,5,100.0,9.09
1765472150.6033525,work_stealing,5,100.0,9.09
1765472150.760193,work_stealing,5,100.0,9.242
1765472150.918418,work_stealing,5,100.0,9.242
1765472151.0744233,work_stealing,5,100.0,9.375
1765472151.2291317,work_stealing,5,100.0,9.375
1765472151.3856106,work_stealing,5,100.0,9.375
1765472151.542145,work_stealing,5,100.0,9.375
1765472151.6989987,work_stealing,5,100.0,9.375
1765472151.8556352,work_stealing,5,100.0,9.375
1765472152.0082557,work_stealing,5,100.0,9.375
1765472152.165055,work_stealing,5,100.0,9.375
1765472152.3203135,work_stealing,5,100.0,9.375
1765472152.4768858,work_stealing,5,100.0,9.375
1765472152.6322572,work_stealing,5,100.0,9.375
1765472152.788384,work_stealing,5,75.0,9.375
1765472152.9435246,work_stealing,5,75.0,9.375
1765472153.0995169,work_stealing,5,50.0,9.375
1765472153.2551293,work_stealing,5,25.0,9.375
1765472153.4111633,work_stealing,5,0.0,9.375
1765472153.5671906,work_stealing,5,25.0,9.375
1765472153.721713,work_stealing,5,25.0,9.375
1765472153.879111,work_stealing,5,25.0,9.375
1765472154.035369,work_stealing,5,0.0,9.375
1765472154.1901138,work_stealing,5,100.0,9.375
1765472154.3450012,work_stealing,5,100.0,9.375
1765472154.5014098,work_stealing,5,100.0,9.375
1765472154.656184,work_stealing,5,100.0,9.375
1765472154.8126545,work_stealing,5,25.0,9.375
1765472154.9685175,work_stealing,5,25.0,9.375
1765472155.1270952,work_stealing,5,25.0,9.375
1765472155.2808957,work_stealing,5,25.0,9.375
1765472155.4376125,work_stealing,5,25.0,9.375
1765472155.5922415,work_stealing,5,25.0,9.375
1765472155.7497082,work_stealing,5,0.0,9.375
1765472155.9043512,work_stealing,5,25.0,9.375
1765472156.0601346,work_stealing,5,25.0,9.375
1765472156.2152925,work_stealing,5,25.0,9.375
1765472156.3707697,work_stealing,5,25.0,9.375
1765472156.526407,work_stealing,5,25.0,9.375
1765472156.683531,work_stealing,5,25.0,9.375
1765472156.8419788,work_stealing,5,25.0,9.375
